{
  "contribution-graph:create-graph": [
    {
      "modifiers": [
        "Alt"
      ],
      "key": "G"
    }
  ],
  "app:reload": [
    {
      "modifiers": [
        "Alt",
        "Mod"
      ],
      "key": "R"
    }
  ],
  "templater-obsidian:000设置/脚本/Cmd-reload-page.md.md": [
    {
      "modifiers": [
        "Mod"
      ],
      "key": "R"
    }
  ],
  "switcher:open": [],
  "floating-settings:open-the-floating-settings": [
    {
      "modifiers": [
        "Alt"
      ],
      "key": "O"
    }
  ]
}