{
  "main": {
    "id": "5324373015726ba8",
    "type": "split",
    "children": [
      {
        "id": "4509724f8bf84da7",
        "type": "tabs",
        "children": [
          {
            "id": "e7a7b303c61786dc",
            "type": "leaf",
            "pinned": true,
            "state": {
              "type": "markdown",
              "state": {
                "file": "统计.md",
                "mode": "preview",
                "backlinks": true,
                "source": false
              },
              "pinned": true,
              "icon": "lucide-file",
              "title": "统计"
            }
          },
          {
            "id": "5a542c343e4c437d",
            "type": "leaf",
            "state": {
              "type": "markdown",
              "state": {
                "file": "藏书阁/阅读/パラノマサイト FILE23 本所七不思議.md",
                "mode": "preview",
                "backlinks": true,
                "source": false
              },
              "icon": "lucide-file",
              "title": "パラノマサイト FILE23 本所七不思議"
            }
          },
          {
            "id": "74a79507aba7f91e",
            "type": "leaf",
            "state": {
              "type": "canvas",
              "state": {
                "file": "000设置/素材库/雨港基隆第一章.canvas",
                "viewState": {
                  "x": 859.1326048822905,
                  "y": -748.4215879662344,
                  "zoom": -1.6666666666666663
                }
              },
              "icon": "lucide-layout-dashboard",
              "title": "雨港基隆第一章"
            }
          }
        ],
        "currentTab": 2
      }
    ],
    "direction": "vertical"
  },
  "left": {
    "id": "0cfa47e20eb74105",
    "type": "split",
    "children": [
      {
        "id": "6c19bfc847bc971a",
        "type": "tabs",
        "children": [
          {
            "id": "961bbc152ef8ead9",
            "type": "leaf",
            "state": {
              "type": "file-explorer",
              "state": {
                "sortOrder": "alphabetical"
              },
              "icon": "lucide-folder-closed",
              "title": "文件列表"
            }
          },
          {
            "id": "016596bb32caa9f2",
            "type": "leaf",
            "state": {
              "type": "search",
              "state": {
                "query": "",
                "matchingCase": false,
                "explainSearch": false,
                "collapseAll": false,
                "extraContext": false,
                "sortOrder": "alphabetical"
              },
              "icon": "lucide-search",
              "title": "搜索"
            }
          },
          {
            "id": "0ef776641c7b3137",
            "type": "leaf",
            "state": {
              "type": "bookmarks",
              "state": {},
              "icon": "lucide-bookmark",
              "title": "书签"
            }
          },
          {
            "id": "11811ecc4101fa5e",
            "type": "leaf",
            "state": {
              "type": "runjs-codelist-view",
              "state": {},
              "icon": "lucide-file",
              "title": "插件不再活动"
            }
          }
        ]
      }
    ],
    "direction": "horizontal",
    "width": 216.5
  },
  "right": {
    "id": "13cdbf27d6422b8c",
    "type": "split",
    "children": [
      {
        "id": "c2fb21f341646160",
        "type": "tabs",
        "children": [
          {
            "id": "517b0fe61888da04",
            "type": "leaf",
            "state": {
              "type": "backlink",
              "state": {
                "file": "统计.md",
                "collapseAll": false,
                "extraContext": false,
                "sortOrder": "alphabetical",
                "showSearch": false,
                "searchQuery": "",
                "backlinkCollapsed": false,
                "unlinkedCollapsed": false
              },
              "icon": "links-coming-in",
              "title": "Backlinks for 统计"
            }
          },
          {
            "id": "f345dac8217597d7",
            "type": "leaf",
            "state": {
              "type": "outgoing-link",
              "state": {
                "file": "000设置/素材库/Pasted image 20241113171155.png",
                "linksCollapsed": false,
                "unlinkedCollapsed": true
              },
              "icon": "links-going-out",
              "title": "Pasted image 20241113171155 的出链列表"
            }
          },
          {
            "id": "2b09c1d6f5be33a0",
            "type": "leaf",
            "state": {
              "type": "tag",
              "state": {
                "sortOrder": "frequency",
                "useHierarchy": true
              },
              "icon": "lucide-tags",
              "title": "标签"
            }
          },
          {
            "id": "2df31baa1d3bf40c",
            "type": "leaf",
            "state": {
              "type": "outline",
              "state": {
                "file": "000设置/素材库/流程图：5 -ファイブ-.canvas"
              },
              "icon": "lucide-list",
              "title": "流程图：5 -ファイブ- 的大纲"
            }
          },
          {
            "id": "55e482b43d02c04e",
            "type": "leaf",
            "state": {
              "type": "calendar",
              "state": {},
              "icon": "lucide-file",
              "title": "插件不再活动"
            }
          },
          {
            "id": "167a881db880a905",
            "type": "leaf",
            "state": {
              "type": "advanced-tables-toolbar",
              "state": {},
              "icon": "spreadsheet",
              "title": "Advanced Tables"
            }
          }
        ],
        "currentTab": 5
      }
    ],
    "direction": "horizontal",
    "width": 200,
    "collapsed": true
  },
  "left-ribbon": {
    "hiddenItems": {
      "homepage:Open homepage": false,
      "switcher:打开快速切换": false,
      "graph:查看关系图谱": false,
      "canvas:新建白板": false,
      "daily-notes:打开/创建今天的日记": false,
      "templates:插入模板": false,
      "command-palette:打开命令面板": false,
      "zk-prefixer:创建时间戳笔记": false,
      "audio-recorder:开始/结束录音": false,
      "media-extended:Open media": false,
      "templater-obsidian:Templater": false,
      "runjs:RunJS": false,
      "table-editor-obsidian:Advanced Tables Toolbar": false
    }
  },
  "active": "74a79507aba7f91e",
  "lastOpenFiles": [
    "影视/漫画/autobackup/app.mihon_2024-12-09_17-50.tachibk",
    "000设置/素材库/流程图：雨港基隆.canvas",
    "藏书阁/阅读/雨港基隆.md",
    "统计.md",
    "藏书阁/阅读/パラノマサイト FILE23 本所七不思議.md",
    "藏书阁/阅读/車輪の国、向日葵の少女.md",
    "藏书阁/阅读/祝姫.md",
    "藏书阁/阅读/5 -ファイブ-.md",
    "藏书阁/阅读/痕 ～きずあと～.md",
    "null.md",
    "随笔.md",
    "时间线.canvas",
    "表情包.md",
    "藏书阁/阅读/小甲鱼python.md",
    "藏书阁/阅读/Github使用教程-黑马程序员.md",
    "000设置/素材库/流程图：TS魔法少女なお!.canvas",
    "000设置/素材库/Pasted image 20241209152035.png",
    "000设置/素材库/Pasted image 20241209152034.png",
    "000设置/素材库/Pasted image 20241209151423.png",
    "000设置/素材库/Pasted image 20241209140156.png",
    "000设置/素材库/Pasted image 20241209140115.png",
    "000设置/素材库/Pasted image 20241209140016.png",
    "000设置/素材库/Pasted image 20241209135714.png",
    "000设置/素材库/Pasted image 20241209134744.png",
    "000设置/素材库/Pasted image 20241209134251.png",
    "000设置/素材库/Pasted image 20241209133536.png",
    "藏书阁/阅读/TS魔法少女なお!.md",
    "影视/漫画/autobackup/app.mihon_2024-12-09_05-49.tachibk",
    "000设置/脚本/python/Gamecreat_bgmID.py",
    "000设置/脚本/python/api/api中转站/写入哔哩哔哩存档.py",
    "000设置/脚本/python/api/api中转站",
    "000设置/脚本/python/api/api_relay_station.py",
    "000设置/脚本/python/api/api.py",
    "000设置/脚本/python/api",
    "000设置/脚本/python",
    "000设置/脚本/新建文件夹",
    "000设置/脚本/api/api_relay_station.py",
    "000.canvas",
    "000设置/素材库/流程图：Github使用教程-黑马程序员.canvas",
    "藏书阁/阅读/ティンクル☆くるせいだーす.md",
    "藏书阁/阅读/もうすぐ夏休み！.md",
    "藏书阁/阅读/荒ぶる季節の乙女どもよ。.md",
    "000设置/素材库/流程图：ティンクル☆くるせいだーす.canvas",
    "000设置/素材库/更新随想.canvas",
    "藏书阁/阅读/悠久之翼-前篇.md",
    "藏书阁/阅读/幽明境を異にする.md",
    "藏书阁/阅读/銀色.md",
    "藏书阁/阅读/淫獄女学園～用務員の卑劣な罠～.md",
    "藏书阁/阅读/性春☆ダイナマイトっ！！～イケない放課後～.md",
    "藏书阁/阅读/亡国公主爱丽丝.md",
    "藏书阁/阅读/鎖クサリ.md",
    "藏书阁/阅读/珊海王の円環.md",
    "藏书阁/阅读/奇异恩典·圣夜的小镇.md",
    "藏书阁/阅读/ネコットアイランド.canvas",
    "000设置/素材库/奇异恩典·圣夜的小镇.canvas",
    "000设置/素材库/流程图：祝姫.canvas"
  ]
}