{
  "main": {
    "id": "5324373015726ba8",
    "type": "split",
    "children": [
      {
        "id": "4509724f8bf84da7",
        "type": "tabs",
        "children": [
          {
            "id": "e7a7b303c61786dc",
            "type": "leaf",
            "pinned": true,
            "state": {
              "type": "markdown",
              "state": {
                "file": "统计.md",
                "mode": "preview",
                "backlinks": true,
                "source": false
              },
              "pinned": true,
              "icon": "lucide-file",
              "title": "统计"
            }
          }
        ]
      }
    ],
    "direction": "vertical"
  },
  "left": {
    "id": "b90dd7c2b05f4f26",
    "type": "mobile-drawer",
    "children": [
      {
        "id": "7fb782fe07a095c7",
        "type": "leaf",
        "state": {
          "type": "file-explorer",
          "state": {
            "sortOrder": "alphabetical"
          },
          "icon": "lucide-folder-closed",
          "title": "Files"
        }
      },
      {
        "id": "26936780bcbd0fbd",
        "type": "leaf",
        "state": {
          "type": "search",
          "state": {
            "query": "",
            "matchingCase": false,
            "explainSearch": false,
            "collapseAll": false,
            "extraContext": false,
            "sortOrder": "alphabetical"
          },
          "icon": "lucide-search",
          "title": "Search"
        }
      },
      {
        "id": "550e37e0fc290210",
        "type": "leaf",
        "state": {
          "type": "tag",
          "state": {
            "sortOrder": "frequency",
            "useHierarchy": true
          },
          "icon": "lucide-tags",
          "title": "Tags"
        }
      },
      {
        "id": "e37ac46bc8a27e45",
        "type": "leaf",
        "state": {
          "type": "bookmarks",
          "state": {},
          "icon": "lucide-bookmark",
          "title": "Bookmarks"
        }
      },
      {
        "id": "667622339df1ed21",
        "type": "leaf",
        "state": {
          "type": "recent-files",
          "state": {},
          "icon": "lucide-file",
          "title": "Plugin no longer active"
        }
      },
      {
        "id": "a6154e3d07485c2c",
        "type": "leaf",
        "state": {
          "type": "runjs-codelist-view",
          "state": {},
          "icon": "js-dark-icon",
          "title": "RunJS Codelist"
        }
      }
    ],
    "currentTab": 0
  },
  "right": {
    "id": "2aad703563dcd21e",
    "type": "mobile-drawer",
    "children": [
      {
        "id": "c4f88d51456568ad",
        "type": "leaf",
        "state": {
          "type": "backlink",
          "state": {
            "file": "000设置/素材库/流程图：オタサーの姫殺人事件.canvas",
            "collapseAll": false,
            "extraContext": false,
            "sortOrder": "alphabetical",
            "showSearch": false,
            "searchQuery": "",
            "backlinkCollapsed": false,
            "unlinkedCollapsed": true
          },
          "icon": "links-coming-in",
          "title": "Backlinks"
        }
      },
      {
        "id": "4b56b024984cd81b",
        "type": "leaf",
        "state": {
          "type": "outgoing-link",
          "state": {
            "file": "藏书阁/阅读/书籍/漫画/Untitled.md",
            "linksCollapsed": false,
            "unlinkedCollapsed": true
          },
          "icon": "links-going-out",
          "title": "Outgoing links"
        }
      },
      {
        "id": "462b801fb5055123",
        "type": "leaf",
        "state": {
          "type": "outline",
          "state": {
            "file": "藏书阁/阅读/书籍/漫画/Untitled.md"
          },
          "icon": "lucide-list",
          "title": "Outline"
        }
      },
      {
        "id": "540c724b30a4ca29",
        "type": "leaf",
        "state": {
          "type": "calendar",
          "state": {},
          "icon": "calendar-with-checkmark",
          "title": "Calendar"
        }
      },
      {
        "id": "f34081e80a5d0856",
        "type": "leaf",
        "state": {
          "type": "RSS_FEED",
          "state": {},
          "icon": "lucide-file",
          "title": "Plugin no longer active"
        }
      }
    ],
    "currentTab": 0
  },
  "left-ribbon": {
    "hiddenItems": {
      "homepage:Open homepage": false,
      "switcher:Open quick switcher": false,
      "graph:Open graph view": false,
      "canvas:Create new canvas": false,
      "daily-notes:Open today's daily note": false,
      "templates:Insert template": false,
      "command-palette:Open command palette": false,
      "zk-prefixer:Create new unique note": false,
      "audio-recorder:Start/stop recording": false,
      "table-editor-obsidian:Advanced Tables Toolbar": false,
      "runjs:RunJS": false,
      "templater-obsidian:Templater": false
    }
  },
  "active": "e7a7b303c61786dc",
  "lastOpenFiles": [
    "000设置/素材库/流程图：ダンダダン.canvas",
    "000设置/素材库/超自然武装噹哒噹 - 第01卷 - 152.webp",
    "000设置/素材库/超自然武装噹哒噹 - 第01卷 - 119.webp",
    "000设置/素材库/超自然武装噹哒噹 - 第01卷 - 112.webp",
    "000设置/素材库/超自然武装噹哒噹 - 第01卷 - 108.webp",
    "000设置/素材库/超自然武装噹哒噹 - 第01卷 - 107.webp",
    "藏书阁/阅读/书籍/漫画/ダンダダン.md",
    "000设置/素材库/超自然武装噹哒噹 - 第01卷 - 94.webp",
    "000设置/素材库/超自然武装噹哒噹 - 第01卷 - 78.webp",
    "000设置/素材库/超自然武装噹哒噹 - 第01卷 - 63.webp",
    "000设置/素材库/超自然武装噹哒噹 - 第01卷 - 57.webp",
    "000设置/素材库/超自然武装噹哒噹 - 第01卷 - 50.webp",
    "藏书阁/阅读/书籍/漫画/恋愛ハーレムゲーム終了のお知らせがくる頃に.md",
    "统计.md",
    "000设置/素材库/更新随想.canvas",
    "藏书阁/阅读/书籍/漫画/オタサーの姫殺人事件.md",
    "000设置/素材库/流程图：オタサーの姫殺人事件.canvas",
    "藏书阁/阅读/游戏/かたわ少女.md",
    "000设置/素材库/流程图：かたわ少女.canvas",
    "000设置/素材库/流程图：初三.canvas",
    "藏书阁/阅读/影视/初三.md",
    "藏书阁/阅读/书籍/漫画/ジンキ－人機－.md",
    "000设置/素材库/流程图：ミスミソウ.canvas",
    "藏书阁/阅读/书籍/漫画/ミスミソウ.md",
    "000设置/模板/Next day.md",
    "000设置/模板/Dataview yaml模板.md",
    "000设置/模板/启动统计.md",
    "000设置/模板/时间模板.md",
    "000设置/模板/影评模板.md",
    "影视/漫画/autobackup/app.mihon_2024-11-21_08-46.tachibk",
    "影视/高堡奇人/S03/S03E05.mp4",
    "随笔.md",
    "时间线.canvas",
    "影视/高堡奇人/S03/S03E06.mp4",
    "000设置/素材库/Recording 20241108114653.webm",
    "000设置/素材库/Recording 20241108114626.webm",
    "000设置/素材库/Recording 20241108114608.webm",
    "影视/漫画/autobackup/app.mihon_2024-11-06_08-41.tachibk",
    "000设置/素材库/未命名 5.canvas",
    "000设置/素材库/Recording 20241105211153.webm",
    "影视/漫画/autobackup/app.mihon_2024-11-05_20-41.tachibk",
    "000设置/素材库/流程图：JINKI EXTEND ReVISION.canvas",
    "藏书阁/阅读/游戏/JINKI EXTEND Re_VISION.md",
    "000设置/素材库/流程图：人机.canvas",
    "影视/高堡奇人/S01/E06.mp4",
    "藏书阁/阅读/游戏/車輪の国、向日葵の少女.md",
    "藏书阁/阅读/游戏/奇异恩典·圣夜的小镇.md",
    "藏书阁/日记/2024-10-27  星期日.md",
    "藏书阁/日记/2024-11-11  星期一.md",
    "藏书阁/日记/2024-10-15  星期二.md",
    "藏书阁/日记/2024-12-31  星期二.md",
    "000设置/模板/日记模板.md",
    "藏书阁/阅读/游戏/雨港基隆.md",
    "藏书阁/阅读/游戏/大悪司.md",
    "藏书阁/阅读/游戏/Monkeys!¡.md"
  ]
}